design_id,material,pinion_teeth,gear_teeth,module_mm,face_width_mm,actual_ratio,ratio_error_percent,actual_output_rpm,speed_error_percent,pinion_pitch_diameter_mm,gear_pitch_diameter_mm,center_distance_mm,input_torque_nm,output_torque_nm,tangential_force_n,radial_force_n,normal_force_n,pinion_bending_stress_mpa,gear_bending_stress_mpa,gear_fos,input_shaft_diameter_mm,input_shaft_fos,output_shaft_diameter_mm,output_shaft_fos,bearing_span_mm,input_bearing,input_bearing_life_hours,output_bearing,output_bearing_life_hours,estimated_rotating_mass_kg
1,AISI 4140 Steel,21,184,2.0,16.0,8.761904761904763,0.13605442176871715,399.4565217391304,0.1358695652174049,42.0,368.0,205.0,13.641852265019601,115.94275201241422,812.0150157749763,295.5492955192921,864.1283307044068,73.05797286842997,54.17453345910141,8.96548281156923,15,9.546957276444129,17,2.4935900227171643,80.0,6002,10368.120637309097,6203,443511.9284553667,14.103329092904326
2,AISI 1045 Steel,21,184,2.0,16.0,8.761904761904763,0.13605442176871715,399.4565217391304,0.1358695652174049,42.0,368.0,205.0,13.641852265019601,115.94275201241422,812.0150157749763,295.5492955192921,864.1283307044068,73.05797286842997,54.17453345910141,6.159492007948326,15,6.558978281526501,20,2.7895842877618,80.0,6002,10368.120637309097,6204,1084836.7724554942,14.267451895665491
3,AISI 1020 Steel,21,184,2.0,16.0,8.761904761904763,0.13605442176871715,399.4565217391304,0.1358695652174049,42.0,368.0,205.0,13.641852265019601,115.94275201241422,812.0150157749763,295.5492955192921,864.1283307044068,73.05797286842997,54.17453345910141,4.790716006182031,15,5.101427552298389,20,2.1696766682591777,80.0,6002,10368.120637309097,6204,1084836.7724554942,14.30310909794744
4,AISI 4140 Steel,22,192,2.0,16.0,8.727272727272727,0.2597402597402671,401.0416666666667,0.2604166666666714,44.0,384.0,214.0,13.641852265019601,115.48448026532955,775.1052423306592,282.11523663205156,824.849770217843,68.5118094757429,51.640403450931124,9.560395572852407,15,9.801937979883453,17,2.505387945990749,80.0,6002,11920.931707814194,6203,507920.19727275346,15.307204990678795
5,AISI 1045 Steel,22,192,2.0,16.0,8.727272727272727,0.2597402597402671,401.0416666666667,0.2604166666666714,44.0,384.0,214.0,13.641852265019601,115.48448026532955,775.1052423306592,282.11523663205156,824.849770217843,68.5118094757429,51.640403450931124,6.568210698906235,15,6.734155864042068,20,2.8027826487964465,80.0,6002,11920.931707814194,6204,1242380.3557964133,15.47132779343996
6,AISI 1020 Steel,22,192,2.0,16.0,8.727272727272727,0.2597402597402671,401.0416666666667,0.2604166666666714,44.0,384.0,214.0,13.641852265019601,115.48448026532955,775.1052423306592,282.11523663205156,824.849770217843,68.5118094757429,51.640403450931124,5.108608321371515,15,5.23767678314383,20,2.179942060175014,80.0,6002,11920.931707814194,6204,1242380.3557964133,15.510052195461462
7,AISI 4140 Steel,23,201,2.0,16.0,8.73913043478261,0.12422360248446498,400.49751243781094,0.12437810945273498,46.0,402.0,224.0,13.641852265019601,115.64138852655964,741.4050144032392,269.8493567784841,788.9867367301106,64.49828783615689,49.32478495477733,10.155308334135587,15,10.041913814390146,17,2.5038650994649223,80.0,6002,13621.52292345749,6203,581166.5661137076,16.720605012254723
8,AISI 1045 Steel,23,201,2.0,16.0,8.73913043478261,0.12422360248446498,400.49751243781094,0.12437810945273498,46.0,402.0,224.0,13.641852265019601,115.64138852655964,741.4050144032392,269.8493567784841,788.9867367301106,64.49828783615689,49.32478495477733,6.976929389864144,15,6.899024757977963,20,2.801079037255487,80.0,6002,13621.52292345749,6204,1421542.0632261187,16.884727815015886
9,AISI 1020 Steel,23,201,2.0,16.0,8.73913043478261,0.12422360248446498,400.49751243781094,0.12437810945273498,46.0,402.0,224.0,13.641852265019601,115.64138852655964,741.4050144032392,269.8493567784841,788.9867367301106,64.49828783615689,49.32478495477733,5.426500636561,15,5.365908145093972,20,2.1786170289764897,80.0,6002,13621.52292345749,6204,1421542.0632261187,16.92705323620064
10,AISI 4140 Steel,21,184,2.0,20.0,8.761904761904763,0.13605442176871715,399.4565217391304,0.1358695652174049,42.0,368.0,205.0,13.641852265019601,115.94275201241422,812.0150157749763,295.5492955192921,864.1283307044068,58.44637829474398,43.339626767281125,11.206853514461535,15,9.546957276444129,17,2.4935900227171643,80.0,6002,10368.120637309097,6203,443511.9284553667,17.486591274645637
11,AISI 1045 Steel,21,184,2.0,20.0,8.761904761904763,0.13605442176871715,399.4565217391304,0.1358695652174049,42.0,368.0,205.0,13.641852265019601,115.94275201241422,812.0150157749763,295.5492955192921,864.1283307044068,58.44637829474398,43.339626767281125,7.6993650099354065,15,6.558978281526501,20,2.7895842877618,80.0,6002,10368.120637309097,6204,1084836.7724554942,17.6507140774068
12,AISI 1020 Steel,21,184,2.0,20.0,8.761904761904763,0.13605442176871715,399.4565217391304,0.1358695652174049,42.0,368.0,205.0,13.641852265019601,115.94275201241422,812.0150157749763,295.5492955192921,864.1283307044068,58.44637829474398,43.339626767281125,5.988395007727538,15,5.101427552298389,20,2.1696766682591777,80.0,6002,10368.120637309097,6204,1084836.7724554942,17.694991055947963
13,AISI 4140 Steel,24,210,2.0,16.0,8.75,0.0,400.0,0.0,48.0,420.0,234.0,13.641852265019601,115.78522109935386,710.5131388031042,258.60563357938054,756.112289366356,60.92897943086304,47.208084169235306,10.750221095418768,15,10.26771350234717,17,2.502396657307269,80.0,6002,15476.61156356344,6203,661135.7939707333,18.19871681594635
14,AISI 1045 Steel,24,210,2.0,16.0,8.75,0.0,400.0,0.0,48.0,420.0,234.0,13.641852265019601,115.78522109935386,710.5131388031042,258.60563357938054,756.112289366356,60.92897943086304,47.208084169235306,7.385648080822054,15,7.054154314589659,20,2.799436287993116,80.0,6002,15476.61156356344,6204,1617147.9837845878,18.362839618707515
15,AISI 1020 Steel,24,210,2.0,16.0,8.75,0.0,400.0,0.0,48.0,420.0,234.0,13.641852265019601,115.78522109935386,710.5131388031042,258.60563357938054,756.112289366356,60.92897943086304,47.208084169235306,5.744392951750487,15,5.486564466903068,20,2.1773393351057573,80.0,6002,15476.61156356344,6204,1617147.9837845878,18.408930929837975
16,AISI 4140 Steel,22,192,2.0,20.0,8.727272727272727,0.2597402597402671,401.0416666666667,0.2604166666666714,44.0,384.0,214.0,13.641852265019601,115.48448026532955,775.1052423306592,282.11523663205156,824.849770217843,54.809447580594316,41.3123227607449,11.950494466065509,15,9.801937979883453,17,2.505387945990749,80.0,6002,11920.931707814194,6203,507920.19727275346,18.991436146863723
17,AISI 1045 Steel,22,192,2.0,20.0,8.727272727272727,0.2597402597402671,401.0416666666667,0.2604166666666714,44.0,384.0,214.0,13.641852265019601,115.48448026532955,775.1052423306592,282.11523663205156,824.849770217843,54.809447580594316,41.3123227607449,8.210263373632793,15,6.734155864042068,20,2.8027826487964465,80.0,6002,11920.931707814194,6204,1242380.3557964133,19.155558949624886
18,AISI 1020 Steel,22,192,2.0,20.0,8.727272727272727,0.2597402597402671,401.0416666666667,0.2604166666666714,44.0,384.0,214.0,13.641852265019601,115.48448026532955,775.1052423306592,282.11523663205156,824.849770217843,54.809447580594316,41.3123227607449,6.3857604017143945,15,5.23767678314383,20,2.179942060175014,80.0,6002,11920.931707814194,6204,1242380.3557964133,19.20366992784049
19,AISI 4140 Steel,25,219,2.0,16.0,8.76,0.11428571428571184,399.5433789954338,0.114155251141554,50.0,438.0,244.0,13.641852265019601,115.91754706632454,682.09261325098,248.26140823620534,725.8677977917017,57.73400369472677,45.26570721191935,11.345133856701947,15,10.480149329768846,17,2.5009847713145765,80.0,6002,17492.91490745651,6203,748123.030751853,19.74154040175368
20,AISI 1045 Steel,25,219,2.0,16.0,8.76,0.11428571428571184,399.5433789954338,0.114155251141554,50.0,438.0,244.0,13.641852265019601,115.91754706632454,682.09261325098,248.26140823620534,725.8677977917017,57.73400369472677,45.26570721191935,7.794366771779964,15,7.200102592970963,20,2.7978568082288224,80.0,6002,17492.91490745651,6204,1829920.0585360075,19.905663204514845
21,AISI 1020 Steel,25,219,2.0,16.0,8.76,0.11428571428571184,399.5433789954338,0.114155251141554,50.0,438.0,244.0,13.641852265019601,115.91754706632454,682.09261325098,248.26140823620534,725.8677977917017,57.73400369472677,45.26570721191935,6.062285266939972,15,5.600079794532971,20,2.1761108508446396,80.0,6002,17492.91490745651,6204,1829920.0585360075,19.955685276373483
22,AISI 4140 Steel,18,158,2.5,20.0,8.777777777777779,0.3174603174603265,398.73417721518985,0.31645569620253866,45.0,395.0,220.0,13.641852265019601,116.152793229828,757.8806813899779,275.8460091513393,806.5197753241131,46.70267807264499,32.5385580988605,14.024891655702524,15,9.923749419551255,17,2.4921441564862374,80.0,6002,12752.334967535791,6203,546488.5015731854,20.059032582758856
23,AISI 1045 Steel,18,158,2.5,20.0,8.777777777777779,0.3174603174603265,398.73417721518985,0.31645569620253866,45.0,395.0,220.0,13.641852265019601,116.152793229828,757.8806813899779,275.8460091513393,806.5197753241131,46.70267807264499,32.5385580988605,9.635421748192574,15,6.817843112668801,20,2.7879667942350963,80.0,6002,12752.334967535791,6204,1336719.0016634604,20.22315538552002
24,AISI 1020 Steel,18,158,2.5,20.0,8.777777777777779,0.3174603174603265,398.73417721518985,0.31645569620253866,45.0,395.0,220.0,13.641852265019601,116.152793229828,757.8806813899779,275.8460091513393,806.5197753241131,46.70267807264499,32.5385580988605,7.494216915260891,15,5.302766865409067,20,2.168418617738408,80.0,6002,12752.334967535791,6204,1336719.0016634604,20.273986354655104
25,AISI 4140 Steel,23,201,2.0,20.0,8.73913043478261,0.12422360248446498,400.49751243781094,0.12437810945273498,46.0,402.0,224.0,13.641852265019601,115.64138852655964,741.4050144032392,269.8493567784841,788.9867367301106,51.59863026892551,39.45982796382186,12.694135417669484,15,10.041913814390146,17,2.5038650994649223,80.0,6002,13621.52292345749,6203,581166.5661137076,20.758186173833636
26,AISI 4140 Steel,21,184,2.0,24.0,8.761904761904763,0.13605442176871715,399.4565217391304,0.1358695652174049,42.0,368.0,205.0,13.641852265019601,115.94275201241422,812.0150157749763,295.5492955192921,864.1283307044068,48.70531524561998,36.11635563940094,13.448224217353845,15,8.52436339652387,17,2.483444333324616,96.0,6002,10368.120637309097,6203,443511.9284553667,20.920557505178827
27,AISI 1045 Steel,23,201,2.0,20.0,8.73913043478261,0.12422360248446498,400.49751243781094,0.12437810945273498,46.0,402.0,224.0,13.641852265019601,115.64138852655964,741.4050144032392,269.8493567784841,788.9867367301106,51.59863026892551,39.45982796382186,8.72116173733018,15,6.899024757977963,20,2.801079037255487,80.0,6002,13621.52292345749,6204,1421542.0632261187,20.9223089765948
28,AISI 1020 Steel,23,201,2.0,20.0,8.73913043478261,0.12422360248446498,400.49751243781094,0.12437810945273498,46.0,402.0,224.0,13.641852265019601,115.64138852655964,741.4050144032392,269.8493567784841,788.9867367301106,51.59863026892551,39.45982796382186,6.783125795701251,15,5.365908145093972,20,2.1786170289764897,80.0,6002,13621.52292345749,6204,1421542.0632261187,20.974921228764465
29,AISI 1045 Steel,21,184,2.0,24.0,8.761904761904763,0.13605442176871715,399.4565217391304,0.1358695652174049,42.0,368.0,205.0,13.641852265019601,115.94275201241422,812.0150157749763,295.5492955192921,864.1283307044068,48.70531524561998,36.11635563940094,9.239238011922488,15,5.8564328678408275,20,2.778234284168537,96.0,6002,10368.120637309097,6204,1084836.7724554942,21.095630014974812
30,AISI 1020 Steel,21,184,2.0,24.0,8.761904761904763,0.13605442176871715,399.4565217391304,0.1358695652174049,42.0,368.0,205.0,13.641852265019601,115.94275201241422,812.0150157749763,295.5492955192921,864.1283307044068,48.70531524561998,36.11635563940094,7.186074009273047,15,4.555003341653977,20,2.16084888768664,96.0,6002,10368.120637309097,6204,1084836.7724554942,21.148683849407867
31,AISI 4140 Steel,19,166,2.5,20.0,8.736842105263158,0.15037593984962835,400.6024096385542,0.15060240963855165,47.5,415.0,231.25,13.641852265019601,115.61110798491873,717.9922244747158,261.327798143374,764.0713660965281,43.12947285810814,30.768182683946318,15.18683064258373,15,10.212547819871002,17,2.50572961879447,80.0,6002,14997.98791878052,6203,639726.3233566713,22.085129133613776
32,AISI 1045 Steel,19,166,2.5,20.0,8.736842105263158,0.15037593984962835,400.6024096385542,0.15060240963855165,47.5,415.0,231.25,13.641852265019601,115.61110798491873,717.9922244747158,261.327798143374,764.0713660965281,43.12947285810814,30.768182683946318,10.433700441469739,15,7.016254227392292,20,2.803164878864795,80.0,6002,14997.98791878052,6204,1564780.100282945,22.24925193637494
33,AISI 1020 Steel,19,166,2.5,20.0,8.736842105263158,0.15037593984962835,400.6024096385542,0.15060240963855165,47.5,415.0,231.25,13.641852265019601,115.61110798491873,717.9922244747158,261.327798143374,764.0713660965281,43.12947285810814,30.768182683946318,8.115100343365352,15,5.457086621305115,20,2.180239350228174,80.0,6002,14997.98791878052,6204,1564780.100282945,22.30524493493895
34,AISI 4140 Steel,24,210,2.0,20.0,8.75,0.0,400.0,0.0,48.0,420.0,234.0,13.641852265019601,115.78522109935386,710.5131388031042,258.60563357938054,756.112289366356,48.74318354469043,37.76646733538825,13.43777636927346,15,10.26771350234717,17,2.502396657307269,80.0,6002,15476.61156356344,6203,661135.7939707333,22.605825928448166
35,AISI 4140 Steel,22,192,2.0,24.0,8.727272727272727,0.2597402597402671,401.0416666666667,0.2604166666666714,44.0,384.0,214.0,13.641852265019601,115.48448026532955,775.1052423306592,282.11523663205156,824.849770217843,45.67453965049527,34.42693563395409,14.340593359278609,15,8.787310832282346,17,2.496007209528141,96.0,6002,11920.931707814194,6203,507920.19727275346,22.72637135184053
36,AISI 1045 Steel,24,210,2.0,20.0,8.75,0.0,400.0,0.0,48.0,420.0,234.0,13.641852265019601,115.78522109935386,710.5131388031042,258.60563357938054,756.112289366356,48.74318354469043,37.76646733538825,9.232060101027567,15,7.054154314589659,20,2.799436287993116,80.0,6002,15476.61156356344,6204,1617147.9837845878,22.76994873120933
37,AISI 1020 Steel,24,210,2.0,20.0,8.75,0.0,400.0,0.0,48.0,420.0,234.0,13.641852265019601,115.78522109935386,710.5131388031042,258.60563357938054,756.112289366356,48.74318354469043,37.76646733538825,7.180491189688108,15,5.486564466903068,20,2.1773393351057573,80.0,6002,15476.61156356344,6204,1617147.9837845878,22.827268345811135
38,AISI 1045 Steel,22,192,2.0,24.0,8.727272727272727,0.2597402597402671,401.0416666666667,0.2604166666666714,44.0,384.0,214.0,13.641852265019601,115.48448026532955,775.1052423306592,282.11523663205156,824.849770217843,45.67453965049527,34.42693563395409,9.85231604835935,15,6.037083777903901,20,2.792288399619426,96.0,6002,11920.931707814194,6204,1242380.3557964133,22.901443861636515
39,AISI 1020 Steel,22,192,2.0,24.0,8.727272727272727,0.2597402597402671,401.0416666666667,0.2604166666666714,44.0,384.0,214.0,13.641852265019601,115.48448026532955,775.1052423306592,282.11523663205156,824.849770217843,45.67453965049527,34.42693563395409,7.662912482057272,15,4.695509605036368,20,2.171779866370665,96.0,6002,11920.931707814194,6204,1242380.3557964133,22.9590984956789
40,AISI 4140 Steel,20,175,2.5,20.0,8.75,0.0,400.0,0.0,50.0,437.5,243.75,13.641852265019601,115.78522109935386,682.09261325098,248.26140823620534,725.8677977917017,40.06417698977857,29.174192183532078,16.348769629464943,15,10.480149329768846,17,2.5038052251096192,80.0,6002,17492.91490745651,6203,747269.0090272505,24.48037754748106
41,AISI 4140 Steel,25,219,2.0,20.0,8.76,0.11428571428571184,399.5433789954338,0.114155251141554,50.0,438.0,244.0,13.641852265019601,115.91754706632454,682.09261325098,248.26140823620534,725.8677977917017,46.18720295578142,36.21256576953547,14.181417320877433,15,10.480149329768846,17,2.5009847713145765,80.0,6002,17492.91490745651,6203,748123.030751853,24.53435541070733
42,AISI 1045 Steel,20,175,2.5,20.0,8.75,0.0,400.0,0.0,50.0,437.5,243.75,13.641852265019601,115.78522109935386,682.09261325098,248.26140823620534,725.8677977917017,40.06417698977857,29.174192183532078,11.231979134746908,15,7.200102592970963,20,2.801012055691048,80.0,6002,17492.91490745651,6204,1827831.1086974961,24.64450035024222
43,AISI 1045 Steel,25,219,2.0,20.0,8.76,0.11428571428571184,399.5433789954338,0.114155251141554,50.0,438.0,244.0,13.641852265019601,115.91754706632454,682.09261325098,248.26140823620534,725.8677977917017,46.18720295578142,36.21256576953547,9.742958464724953,15,7.200102592970963,20,2.7978568082288224,80.0,6002,17492.91490745651,6204,1829920.0585360075,24.698478213468494
44,AISI 1020 Steel,20,175,2.5,20.0,8.75,0.0,400.0,0.0,50.0,437.5,243.75,13.641852265019601,115.78522109935386,682.09261325098,248.26140823620534,725.8677977917017,40.06417698977857,29.174192183532078,8.735983771469817,15,5.600079794532971,20,2.1785649322041483,80.0,6002,17492.91490745651,6204,1827831.1086974961,24.70659589253583
45,AISI 1020 Steel,25,219,2.0,20.0,8.76,0.11428571428571184,399.5433789954338,0.114155251141554,50.0,438.0,244.0,13.641852265019601,115.91754706632454,682.09261325098,248.26140823620534,725.8677977917017,46.18720295578142,36.21256576953547,7.577856583674964,15,5.600079794532971,20,2.1761108508446396,80.0,6002,17492.91490745651,6204,1829920.0585360075,24.760711278980516
46,AISI 4140 Steel,23,201,2.0,24.0,8.73913043478261,0.12422360248446498,400.49751243781094,0.12437810945273498,46.0,402.0,224.0,13.641852265019601,115.64138852655964,741.4050144032392,269.8493567784841,788.9867367301106,42.99885855743792,32.88318996985155,15.232962501203382,15,9.037749067949042,17,2.4952938436976506,96.0,6002,13621.52292345749,6203,581166.5661137076,24.846471384204424
47,AISI 4140 Steel,18,158,2.5,25.0,8.777777777777779,0.3174603174603265,398.73417721518985,0.31645569620253866,45.0,395.0,220.0,13.641852265019601,116.152793229828,757.8806813899779,275.8460091513393,806.5197753241131,37.362142458116,26.030846479088396,17.531114569628155,15,8.683657889585733,17,2.4808729074440152,100.0,6002,12752.334967535791,6203,546488.5015731854,24.99460069795365
48,AISI 1045 Steel,23,201,2.0,24.0,8.73913043478261,0.12422360248446498,400.49751243781094,0.12437810945273498,46.0,402.0,224.0,13.641852265019601,115.64138852655964,741.4050144032392,269.8493567784841,788.9867367301106,42.99885855743792,32.88318996985155,10.465394084796216,15,6.209140581033692,20,2.7914903557974524,96.0,6002,13621.52292345749,6204,1421542.0632261187,25.02154389400041
49,AISI 1020 Steel,23,201,2.0,24.0,8.73913043478261,0.12422360248446498,400.49751243781094,0.12437810945273498,46.0,402.0,224.0,13.641852265019601,115.64138852655964,741.4050144032392,269.8493567784841,788.9867367301106,42.99885855743792,32.88318996985155,8.139750954841501,15,4.829331563026205,20,2.171159165620241,96.0,6002,13621.52292345749,6204,1421542.0632261187,25.08460005678767
50,AISI 1045 Steel,18,158,2.5,25.0,8.777777777777779,0.3174603174603265,398.73417721518985,0.31645569620253866,45.0,395.0,220.0,13.641852265019601,116.152793229828,757.8806813899779,275.8460091513393,806.5197753241131,37.362142458116,26.030846479088396,12.044277185240716,15,5.965871832539817,20,2.775357624746452,100.0,6002,12752.334967535791,6204,1336719.0016634604,25.17241063450834
51,AISI 1020 Steel,18,158,2.5,25.0,8.777777777777779,0.3174603174603265,398.73417721518985,0.31645569620253866,45.0,395.0,220.0,13.641852265019601,116.152793229828,757.8806813899779,275.8460091513393,806.5197753241131,37.362142458116,26.030846479088396,9.367771144076112,15,4.640122536419858,20,2.1586114859139074,100.0,6002,12752.334967535791,6204,1336719.0016634604,25.23585117115677
52,AISI 4140 Steel,21,184,2.5,20.0,8.761904761904763,0.13605442176871715,399.4565217391304,0.1358695652174049,52.5,460.0,256.25,13.641852265019601,115.94275201241422,649.612012619981,236.43943641543365,691.3026645635255,37.40568210863614,27.73736113105992,17.51070861634615,15,10.728100494481968,17,2.5019841754926353,80.0,6002,20250.23561974434,6203,866234.2352643884,27.002016160793076
53,AISI 4140 Steel,24,210,2.0,24.0,8.75,0.0,400.0,0.0,48.0,420.0,234.0,13.641852265019601,115.78522109935386,710.5131388031042,258.60563357938054,756.112289366356,40.61931962057536,31.472056112823537,16.12533164312815,15,9.276135522716991,17,2.494535300299038,96.0,6002,15476.61156356344,6203,661135.7939707333,27.06363908974186
54,AISI 1045 Steel,21,184,2.5,20.0,8.761904761904763,0.13605442176871715,399.4565217391304,0.1358695652174049,52.5,460.0,256.25,13.641852265019601,115.94275201241422,649.612012619981,236.43943641543365,691.3026645635255,37.40568210863614,27.73736113105992,12.030257828024073,15,7.370450721399824,20,2.798974843738604,80.0,6002,20250.23561974434,6204,2118821.8212021375,27.16613896355424
55,AISI 1020 Steel,21,184,2.5,20.0,8.761904761904763,0.13605442176871715,399.4565217391304,0.1358695652174049,52.5,460.0,256.25,13.641852265019601,115.94275201241422,649.612012619981,236.43943641543365,691.3026645635255,37.40568210863614,27.73736113105992,9.35686719957428,15,5.7325727833109745,20,2.176980434018914,80.0,6002,20250.23561974434,6204,2118821.8212021375,27.23465906282444
56,AISI 1045 Steel,24,210,2.0,24.0,8.75,0.0,400.0,0.0,48.0,420.0,234.0,13.641852265019601,115.78522109935386,710.5131388031042,258.60563357938054,756.112289366356,40.61931962057536,31.472056112823537,11.07847212123308,15,6.372917534691063,20,2.790641771737091,96.0,6002,15476.61156356344,6204,1617147.9837845878,27.238711599537844
57,AISI 1020 Steel,24,210,2.0,24.0,8.75,0.0,400.0,0.0,48.0,420.0,234.0,13.641852265019601,115.78522109935386,710.5131388031042,258.60563357938054,756.112289366356,40.61931962057536,31.472056112823537,8.61658942762573,15,4.956713638093049,20,2.1704991557955156,96.0,6002,15476.61156356344,6204,1617147.9837845878,27.307416597243673
58,AISI 4140 Steel,19,166,2.5,25.0,8.736842105263158,0.15037593984962835,400.6024096385542,0.15060240963855165,47.5,415.0,231.25,13.641852265019601,115.61110798491873,717.9922244747158,261.327798143374,764.0713660965281,34.50357828648651,24.61454614715705,18.983538303229665,15,8.988640468221135,17,2.4954407944885304,100.0,6002,14997.98791878052,6203,639726.3233566713,27.5272213865223
59,AISI 1045 Steel,19,166,2.5,25.0,8.736842105263158,0.15037593984962835,400.6024096385542,0.15060240963855165,47.5,415.0,231.25,13.641852265019601,115.61110798491873,717.9922244747158,261.327798143374,764.0713660965281,34.50357828648651,24.61454614715705,13.042125551837174,15,6.1754018483962,20,2.7916547499494904,100.0,6002,14997.98791878052,6204,1564780.100282945,27.705031323076987
60,AISI 1020 Steel,19,166,2.5,25.0,8.736842105263158,0.15037593984962835,400.6024096385542,0.15060240963855165,47.5,415.0,231.25,13.641852265019601,115.61110798491873,717.9922244747158,261.327798143374,764.0713660965281,34.50357828648651,24.61454614715705,10.143875429206691,15,4.803090326530378,20,2.1712870277384924,100.0,6002,14997.98791878052,6204,1564780.100282945,27.774924396511576
61,AISI 4140 Steel,22,192,2.5,20.0,8.727272727272727,0.2597402597402671,401.0416666666667,0.2604166666666714,55.0,480.0,267.5,13.641852265019601,115.48448026532955,620.0841938645273,225.69218930564122,659.8798161742742,35.078046451580356,26.43988656687673,18.67264760322736,15,10.9578789059565,17,2.5131422685733025,80.0,6002,23283.06974182461,6203,992031.6352983471,29.353336273633833
62,AISI 4140 Steel,25,219,2.0,24.0,8.76,0.11428571428571184,399.5433789954338,0.114155251141554,50.0,438.0,244.0,13.641852265019601,115.91754706632454,682.09261325098,248.26140823620534,725.8677977917017,38.48933579648452,30.177138141279563,17.01770078505292,15,9.5029429834158,17,2.4937492951760056,96.0,6002,17492.91490745651,6203,748123.030751853,29.377874468452863
63,AISI 1045 Steel,22,192,2.5,20.0,8.727272727272727,0.2597402597402671,401.0416666666667,0.2604166666666714,55.0,480.0,267.5,13.641852265019601,115.48448026532955,620.0841938645273,225.69218930564122,659.8798161742742,35.078046451580356,26.43988656687673,12.828536521301242,15,7.5283137521838555,20,2.811457425420294,80.0,6002,23283.06974182461,6204,2426524.132414871,29.517459076394996
64,AISI 1045 Steel,25,219,2.0,24.0,8.76,0.11428571428571184,399.5433789954338,0.114155251141554,50.0,438.0,244.0,13.641852265019601,115.91754706632454,682.09261325098,248.26140823620534,725.8677977917017,38.48933579648452,30.177138141279563,11.691550157669944,15,6.528739454255129,20,2.7897624661891323,96.0,6002,17492.91490745651,6204,1829920.0585360075,29.552946978248848
65,AISI 1020 Steel,22,192,2.5,20.0,8.727272727272727,0.2597402597402671,401.0416666666667,0.2604166666666714,55.0,480.0,267.5,13.641852265019601,115.48448026532955,620.0841938645273,225.69218930564122,659.8798161742742,35.078046451580356,26.43988656687673,9.977750627678743,15,5.855355140587443,20,2.1866891086602287,80.0,6002,23283.06974182461,6204,2426524.132414871,29.59196980015651
66,AISI 1020 Steel,25,219,2.0,24.0,8.76,0.11428571428571184,399.5433789954338,0.114155251141554,50.0,438.0,244.0,13.641852265019601,115.91754706632454,682.09261325098,248.26140823620534,725.8677977917017,38.48933579648452,30.177138141279563,9.093427900409957,15,5.077908464420656,20,2.1698152514804363,96.0,6002,17492.91490745651,6204,1829920.0585360075,29.627548117046935
67,AISI 4140 Steel,18,158,2.5,30.0,8.777777777777779,0.3174603174603265,398.73417721518985,0.31645569620253866,45.0,395.0,220.0,13.641852265019601,116.152793229828,757.8806813899779,275.8460091513393,806.5197753241131,31.135118715096663,21.692372065906994,21.037337483553785,15,7.656293341426123,17,2.467302417120112,120.0,6002,12752.334967535791,6203,546488.5015731854,29.93016881314844
68,AISI 1045 Steel,18,158,2.5,30.0,8.777777777777779,0.3174603174603265,398.73417721518985,0.31645569620253866,45.0,395.0,220.0,13.641852265019601,116.152793229828,757.8806813899779,275.8460091513393,806.5197753241131,31.135118715096663,21.692372065906994,14.45313262228886,15,5.2600488605217635,20,2.760176289306421,120.0,6002,12752.334967535791,6204,1336719.0016634604,30.121665883496657
69,AISI 1020 Steel,18,158,2.5,30.0,8.777777777777779,0.3174603174603265,398.73417721518985,0.31645569620253866,45.0,395.0,220.0,13.641852265019601,116.152793229828,757.8806813899779,275.8460091513393,806.5197753241131,31.135118715096663,21.692372065906994,11.241325372891335,15,4.091149113739149,20,2.1468037805716604,120.0,6002,12752.334967535791,6204,1336719.0016634604,30.197715987658434
70,AISI 4140 Steel,20,175,2.5,25.0,8.75,0.0,400.0,0.0,50.0,437.5,243.75,13.641852265019601,115.78522109935386,682.09261325098,248.26140823620534,725.8677977917017,32.051341591822855,23.339353746825665,20.435962036831178,15,9.276135522716991,17,2.494535300299038,100.0,6002,17492.91490745651,6203,747269.0090272505,30.5212819038564
71,AISI 1045 Steel,20,175,2.5,25.0,8.75,0.0,400.0,0.0,50.0,437.5,243.75,13.641852265019601,115.78522109935386,682.09261325098,248.26140823620534,725.8677977917017,32.051341591822855,23.339353746825665,14.039973918433633,15,6.372917534691063,20,2.790641771737091,100.0,6002,17492.91490745651,6204,1827831.1086974961,30.69909184041109
72,AISI 1020 Steel,20,175,2.5,25.0,8.75,0.0,400.0,0.0,50.0,437.5,243.75,13.641852265019601,115.78522109935386,682.09261325098,248.26140823620534,725.8677977917017,32.051341591822855,23.339353746825665,10.91997971433727,15,4.956713638093049,20,2.1704991557955156,100.0,6002,17492.91490745651,6204,1827831.1086974961,30.776613093507677
73,AISI 4140 Steel,23,201,2.5,20.0,8.73913043478261,0.12422360248446498,400.49751243781094,0.12437810945273498,57.5,502.5,280.0,13.641852265019601,115.64138852655964,593.1240115225913,215.87948542278727,631.1893893840885,33.02312337211232,25.25428989684599,19.83458659010857,15,11.170882753909932,17,2.5109440273743764,80.0,6002,26604.536959877903,6203,1135090.9494408355,32.1138831907743
74,AISI 1045 Steel,23,201,2.5,20.0,8.73913043478261,0.12422360248446498,400.49751243781094,0.12437810945273498,57.5,502.5,280.0,13.641852265019601,115.64138852655964,593.1240115225913,215.87948542278727,631.1893893840885,33.02312337211232,25.25428989684599,13.626815214578407,15,7.674652273678579,20,2.8089982484692433,80.0,6002,26604.536959877903,6204,2776449.3422385147,32.278005993535466
75,AISI 1020 Steel,23,201,2.5,20.0,8.73913043478261,0.12422360248446498,400.49751243781094,0.12437810945273498,57.5,502.5,280.0,13.641852265019601,115.64138852655964,593.1240115225913,215.87948542278727,631.1893893840885,33.02312337211232,25.25428989684599,10.598634055783206,15,5.969173990638895,20,2.1847764154760783,80.0,6002,26604.536959877903,6204,2776449.3422385147,32.359549957850206
76,AISI 4140 Steel,19,166,2.5,30.0,8.736842105263158,0.15037593984962835,400.6024096385542,0.15060240963855165,47.5,415.0,231.25,13.641852265019601,115.61110798491873,717.9922244747158,261.327798143374,764.0713660965281,28.75298190540542,20.51212178929754,22.7802459638756,15,7.959235911150887,17,2.4830360244227494,120.0,6002,14997.98791878052,6203,639726.3233566713,32.96931363943081
77,AISI 1045 Steel,19,166,2.5,30.0,8.736842105263158,0.15037593984962835,400.6024096385542,0.15060240963855165,47.5,415.0,231.25,13.641852265019601,115.61110798491873,717.9922244747158,261.327798143374,764.0713660965281,28.75298190540542,20.51212178929754,15.650550662204612,15,5.468177343538777,20,2.7777775081601224,120.0,6002,14997.98791878052,6204,1564780.100282945,33.16081070977903
78,AISI 1020 Steel,19,166,2.5,30.0,8.736842105263158,0.15037593984962835,400.6024096385542,0.15060240963855165,47.5,415.0,231.25,13.641852265019601,115.61110798491873,717.9922244747158,261.327798143374,764.0713660965281,28.75298190540542,20.51212178929754,12.172650515048032,15,4.253026822752382,20,2.160493617457873,120.0,6002,14997.98791878052,6204,1564780.100282945,33.2446038580842
79,AISI 4140 Steel,21,184,2.5,25.0,8.761904761904763,0.13605442176871715,399.4565217391304,0.1358695652174049,52.5,460.0,256.25,13.641852265019601,115.94275201241422,649.612012619981,236.43943641543365,691.3026645635255,29.924545686908914,22.189888904847937,21.88838577043269,15,9.54695727644413,17,2.4935900227171643,100.0,6002,20250.23561974434,6203,866234.2352643884,33.67333017049643
80,AISI 1045 Steel,21,184,2.5,25.0,8.761904761904763,0.13605442176871715,399.4565217391304,0.1358695652174049,52.5,460.0,256.25,13.641852265019601,115.94275201241422,649.612012619981,236.43943641543365,691.3026645635255,29.924545686908914,22.189888904847937,15.037822285030092,15,6.558978281526502,20,2.7895842877618,100.0,6002,20250.23561974434,6204,2118821.8212021375,33.851140107051116
81,AISI 1020 Steel,21,184,2.5,25.0,8.761904761904763,0.13605442176871715,399.4565217391304,0.1358695652174049,52.5,460.0,256.25,13.641852265019601,115.94275201241422,649.612012619981,236.43943641543365,691.3026645635255,29.924545686908914,22.189888904847937,11.69608399946785,15,5.101427552298391,20,2.1696766682591777,100.0,6002,20250.23561974434,6204,2118821.8212021375,33.93669205636844
82,AISI 4140 Steel,18,158,3.0,24.0,8.777777777777779,0.3174603174603265,398.73417721518985,0.31645569620253866,54.0,474.0,264.0,13.641852265019601,116.152793229828,631.5672344916483,229.87167429278276,672.0998127700942,27.02701277352141,18.830184084988712,24.23501278105396,15,9.923749419551253,17,2.4921441564862374,96.0,6002,22036.034823901846,6203,944332.1307184645,34.29754824539552
83,AISI 1045 Steel,18,158,3.0,24.0,8.777777777777779,0.3174603174603265,398.73417721518985,0.31645569620253866,54.0,474.0,264.0,13.641852265019601,116.152793229828,631.5672344916483,229.87167429278276,672.0998127700942,27.02701277352141,18.830184084988712,16.650008780876767,15,6.8178431126687995,20,2.7879667942350963,96.0,6002,22036.034823901846,6204,2309850.434874458,34.47262075519151
84,AISI 1020 Steel,18,158,3.0,24.0,8.777777777777779,0.3174603174603265,398.73417721518985,0.31645569620253866,54.0,474.0,264.0,13.641852265019601,116.152793229828,631.5672344916483,229.87167429278276,672.0998127700942,27.02701277352141,18.830184084988712,12.950006829570818,15,5.302766865409066,20,2.168418617738408,96.0,6002,22036.034823901846,6204,2309850.434874458,34.55975609469518
85,AISI 4140 Steel,24,210,2.5,20.0,8.75,0.0,400.0,0.0,60.0,525.0,292.5,13.641852265019601,115.78522109935386,568.4105110424833,206.88450686350447,604.8898314930848,31.195637468601873,24.17053909464848,20.996525576989782,15,11.368424920674277,17,2.508884255966358,80.0,6002,30227.756960084844,6203,1291280.8475990884,35.00082030735952
86,AISI 1045 Steel,24,210,2.5,20.0,8.75,0.0,400.0,0.0,60.0,525.0,292.5,13.641852265019601,115.78522109935386,568.4105110424833,206.88450686350447,604.8898314930848,31.195637468601873,24.17053909464848,14.425093907855576,15,7.810368266112099,20,2.8066939779581164,80.0,6002,30227.756960084844,6204,3158492.155829273,35.16494311012068
87,AISI 1020 Steel,24,210,2.5,20.0,8.75,0.0,400.0,0.0,60.0,525.0,292.5,13.641852265019601,115.78522109935386,568.4105110424833,206.88450686350447,604.8898314930848,31.195637468601873,24.17053909464848,11.21951748388767,15,6.074730873642744,20,2.182984205078535,80.0,6002,30227.756960084844,6204,3158492.155829273,35.25384232823564
88,AISI 4140 Steel,20,175,2.5,30.0,8.75,0.0,400.0,0.0,50.0,437.5,243.75,13.641852265019601,115.78522109935386,682.09261325098,248.26140823620534,725.8677977917017,26.70945132651904,19.449461455688052,24.523154444197417,15,8.248472501309193,17,2.483343999994306,120.0,6002,17492.91490745651,6203,747269.0090272505,36.562186260231734
89,AISI 4140 Steel,22,192,2.5,25.0,8.727272727272727,0.2597402597402671,401.0416666666667,0.2604166666666714,55.0,480.0,267.5,13.641852265019601,115.48448026532955,620.0841938645273,225.69218930564122,659.8798161742742,28.062437161264288,21.151909253501387,23.3408095040342,15,9.801937979883453,17,2.505387945990749,100.0,6002,23283.06974182461,6203,992031.6352983471,36.61248031154737
90,AISI 1045 Steel,20,175,2.5,30.0,8.75,0.0,400.0,0.0,50.0,437.5,243.75,13.641852265019601,115.78522109935386,682.09261325098,248.26140823620534,725.8677977917017,26.70945132651904,19.449461455688052,16.84796870212036,15,5.666889504716239,20,2.778122041065533,120.0,6002,17492.91490745651,6204,1827831.1086974961,36.75368333057995
91,AISI 1045 Steel,22,192,2.5,25.0,8.727272727272727,0.2597402597402671,401.0416666666667,0.2604166666666714,55.0,480.0,267.5,13.641852265019601,115.48448026532955,620.0841938645273,225.69218930564122,659.8798161742742,28.062437161264288,21.151909253501387,16.03567065162655,15,6.734155864042068,20,2.8027826487964465,100.0,6002,23283.06974182461,6204,2426524.132414871,36.79029024810206
92,AISI 1020 Steel,20,175,2.5,30.0,8.75,0.0,400.0,0.0,50.0,437.5,243.75,13.641852265019601,115.78522109935386,682.09261325098,248.26140823620534,725.8677977917017,26.70945132651904,19.449461455688052,13.103975657204726,15,4.407580725890408,20,2.1607615874954145,120.0,6002,17492.91490745651,6204,1827831.1086974961,36.846630294479525
93,AISI 1020 Steel,22,192,2.5,25.0,8.727272727272727,0.2597402597402671,401.0416666666667,0.2604166666666714,55.0,480.0,267.5,13.641852265019601,115.48448026532955,620.0841938645273,225.69218930564122,659.8798161742742,28.062437161264288,21.151909253501387,12.472188284598428,15,5.23767678314383,20,2.179942060175014,100.0,6002,23283.06974182461,6204,2426524.132414871,36.88333047803353
94,AISI 4140 Steel,19,166,3.0,24.0,8.736842105263158,0.15037593984962835,400.6024096385542,0.15060240963855165,57.0,498.0,277.5,13.641852265019601,115.61110798491873,598.3268537289298,217.7731651194784,636.7261384137735,24.959185681775537,17.80566127543189,26.242843350384693,15,10.212547819871004,17,2.50572961879447,96.0,6002,25916.52312365274,6203,1105447.086760328,37.79864308527282
95,AISI 1045 Steel,19,166,3.0,24.0,8.736842105263158,0.15037593984962835,400.6024096385542,0.15060240963855165,57.0,498.0,277.5,13.641852265019601,115.61110798491873,598.3268537289298,217.7731651194784,636.7261384137735,24.959185681775537,17.80566127543189,18.029434362859714,15,7.0162542273922925,20,2.803164878864795,96.0,6002,25916.52312365274,6204,2703940.0132889296,37.97371559506881
96,AISI 1020 Steel,19,166,3.0,24.0,8.736842105263158,0.15037593984962835,400.6024096385542,0.15060240963855165,57.0,498.0,277.5,13.641852265019601,115.61110798491873,598.3268537289298,217.7731651194784,636.7261384137735,24.959185681775537,17.80566127543189,14.022893393335332,15,5.457086621305117,20,2.180239350228174,96.0,6002,25916.52312365274,6204,2703940.0132889296,38.06977092142567
97,AISI 4140 Steel,23,201,2.5,25.0,8.73913043478261,0.12422360248446498,400.49751243781094,0.12437810945273498,57.5,502.5,280.0,13.641852265019601,115.64138852655964,593.1240115225913,215.87948542278727,631.1893893840885,26.41849869768986,20.20343191747679,24.79323323763571,15,10.041913814390146,17,2.5038650994649223,100.0,6002,26604.536959877903,6203,1135090.9494408355,40.06316395797297
98,AISI 1045 Steel,23,201,2.5,25.0,8.73913043478261,0.12422360248446498,400.49751243781094,0.12437810945273498,57.5,502.5,280.0,13.641852265019601,115.64138852655964,593.1240115225913,215.87948542278727,631.1893893840885,26.41849869768986,20.20343191747679,17.033519018223007,15,6.899024757977963,20,2.801079037255487,100.0,6002,26604.536959877903,6204,2776449.3422385147,40.240973894527656
99,AISI 1020 Steel,23,201,2.5,25.0,8.73913043478261,0.12422360248446498,400.49751243781094,0.12437810945273498,57.5,502.5,280.0,13.641852265019601,115.64138852655964,593.1240115225913,215.87948542278727,631.1893893840885,26.41849869768986,20.20343191747679,13.248292569729006,15,5.365908145093972,20,2.1786170289764897,100.0,6002,26604.536959877903,6204,2776449.3422385147,40.34280567515065
100,AISI 4140 Steel,21,184,2.5,30.0,8.761904761904763,0.13605442176871715,399.4565217391304,0.1358695652174049,52.5,460.0,256.25,13.641852265019601,115.94275201241422,649.612012619981,236.43943641543365,691.3026645635255,24.937121405757427,18.491574087373277,26.26606292451923,15,8.52436339652387,17,2.483444333324616,120.0,6002,20250.23561974434,6203,866234.2352643884,40.344644180199765
101,AISI 1045 Steel,21,184,2.5,30.0,8.761904761904763,0.13605442176871715,399.4565217391304,0.1358695652174049,52.5,460.0,256.25,13.641852265019601,115.94275201241422,649.612012619981,236.43943641543365,691.3026645635255,24.937121405757427,18.491574087373277,18.04538674203611,15,5.8564328678408275,20,2.778234284168537,120.0,6002,20250.23561974434,6204,2118821.8212021375,40.536141250547985
102,AISI 1020 Steel,21,184,2.5,30.0,8.761904761904763,0.13605442176871715,399.4565217391304,0.1358695652174049,52.5,460.0,256.25,13.641852265019601,115.94275201241422,649.612012619981,236.43943641543365,691.3026645635255,24.937121405757427,18.491574087373277,14.035300799361421,15,4.555003341653977,20,2.16084888768664,120.0,6002,20250.23561974434,6204,2118821.8212021375,40.63872504991244
103,AISI 4140 Steel,20,175,3.0,24.0,8.75,0.0,400.0,0.0,60.0,525.0,292.5,13.641852265019601,115.78522109935386,568.4105110424833,206.88450686350447,604.8898314930848,23.185287609825558,16.88321306917366,28.25067391971542,15,10.480149329768846,17,2.5038052251096192,96.0,6002,30227.756960084844,6203,1291280.8475990884,41.937632344435485
104,AISI 1045 Steel,20,175,3.0,24.0,8.75,0.0,400.0,0.0,60.0,525.0,292.5,13.641852265019601,115.78522109935386,568.4105110424833,206.88450686350447,604.8898314930848,23.185287609825558,16.88321306917366,19.408859944842657,15,7.200102592970963,20,2.801012055691048,96.0,6002,30227.756960084844,6204,3158492.155829273,42.112704854231474
105,AISI 1020 Steel,20,175,3.0,24.0,8.75,0.0,400.0,0.0,60.0,525.0,292.5,13.641852265019601,115.78522109935386,568.4105110424833,206.88450686350447,604.8898314930848,23.185287609825558,16.88321306917366,15.095779957099843,15,5.600079794532971,20,2.1785649322041483,96.0,6002,30227.756960084844,6204,3158492.155829273,42.21930537615308
106,AISI 4140 Steel,18,158,3.0,30.0,8.777777777777779,0.3174603174603265,398.73417721518985,0.31645569620253866,54.0,474.0,264.0,13.641852265019601,116.152793229828,631.5672344916483,229.87167429278276,672.0998127700942,21.62161021881713,15.06414726799097,30.29376597631745,15,8.683657889585733,17,2.4808729074440152,120.0,6002,22036.034823901846,6203,944332.1307184645,42.79274527624948
107,AISI 1045 Steel,18,158,3.0,30.0,8.777777777777779,0.3174603174603265,398.73417721518985,0.31645569620253866,54.0,474.0,264.0,13.641852265019601,116.152793229828,631.5672344916483,229.87167429278276,672.0998127700942,21.62161021881713,15.06414726799097,20.812510976095957,15,5.965871832539817,20,2.775357624746452,120.0,6002,22036.034823901846,6204,2309850.434874458,42.984242346597696
108,AISI 1020 Steel,18,158,3.0,30.0,8.777777777777779,0.3174603174603265,398.73417721518985,0.31645569620253866,54.0,474.0,264.0,13.641852265019601,116.152793229828,631.5672344916483,229.87167429278276,672.0998127700942,21.62161021881713,15.06414726799097,16.187508536963524,15,4.640122536419858,20,2.1586114859139074,120.0,6002,22036.034823901846,6204,2309850.434874458,43.09306334620686
109,AISI 4140 Steel,24,210,2.5,25.0,8.75,0.0,400.0,0.0,60.0,525.0,292.5,13.641852265019601,115.78522109935386,568.4105110424833,206.88450686350447,604.8898314930848,24.9565099748815,19.33643127571878,26.245656971237228,15,10.26771350234717,17,2.502396657307269,100.0,6002,30227.756960084844,6203,1291280.8475990884,43.67183535370448
110,AISI 1045 Steel,24,210,2.5,25.0,8.75,0.0,400.0,0.0,60.0,525.0,292.5,13.641852265019601,115.78522109935386,568.4105110424833,206.88450686350447,604.8898314930848,24.9565099748815,19.33643127571878,18.031367384819468,15,7.054154314589659,20,2.799436287993116,100.0,6002,30227.756960084844,6204,3158492.155829273,43.84964529025917
111,AISI 4140 Steel,22,192,2.5,30.0,8.727272727272727,0.2597402597402671,401.0416666666667,0.2604166666666714,55.0,480.0,267.5,13.641852265019601,115.48448026532955,620.0841938645273,225.69218930564122,659.8798161742742,23.385364301053574,17.62659104458449,28.008971404841038,15,8.787310832282348,17,2.496007209528141,120.0,6002,23283.06974182461,6203,992031.6352983471,43.8716243494609
112,AISI 1020 Steel,24,210,2.5,25.0,8.75,0.0,400.0,0.0,60.0,525.0,292.5,13.641852265019601,115.78522109935386,568.4105110424833,206.88450686350447,604.8898314930848,24.9565099748815,19.33643127571878,14.024396854859587,15,5.486564466903068,20,2.1773393351057573,100.0,6002,30227.756960084844,6204,3158492.155829273,43.96067113813244
113,AISI 1045 Steel,22,192,2.5,30.0,8.727272727272727,0.2597402597402671,401.0416666666667,0.2604166666666714,55.0,480.0,267.5,13.641852265019601,115.48448026532955,620.0841938645273,225.69218930564122,659.8798161742742,23.385364301053574,17.62659104458449,19.242804781951858,15,6.037083777903902,20,2.792288399619426,120.0,6002,23283.06974182461,6204,2426524.132414871,44.06312141980912
114,AISI 1020 Steel,22,192,2.5,30.0,8.727272727272727,0.2597402597402671,401.0416666666667,0.2604166666666714,55.0,480.0,267.5,13.641852265019601,115.48448026532955,620.0841938645273,225.69218930564122,659.8798161742742,23.385364301053574,17.62659104458449,14.966625941518112,15,4.695509605036369,20,2.171779866370665,120.0,6002,23283.06974182461,6204,2426524.132414871,44.174691155910544
115,AISI 4140 Steel,19,166,3.0,30.0,8.736842105263158,0.15037593984962835,400.6024096385542,0.15060240963855165,57.0,498.0,277.5,13.641852265019601,115.61110798491873,598.3268537289298,217.7731651194784,636.7261384137735,19.96734854542043,14.244529020345515,32.80355418798087,15,8.988640468221135,17,2.4954407944885304,120.0,6002,25916.52312365274,6203,1105447.086760328,47.16911382609611
116,AISI 1045 Steel,19,166,3.0,30.0,8.736842105263158,0.15037593984962835,400.6024096385542,0.15060240963855165,57.0,498.0,277.5,13.641852265019601,115.61110798491873,598.3268537289298,217.7731651194784,636.7261384137735,19.96734854542043,14.244529020345515,22.536792953574643,15,6.1754018483962,20,2.7916547499494904,120.0,6002,25916.52312365274,6204,2703940.0132889296,47.36061089644433
117,AISI 1020 Steel,19,166,3.0,30.0,8.736842105263158,0.15037593984962835,400.6024096385542,0.15060240963855165,57.0,498.0,277.5,13.641852265019601,115.61110798491873,598.3268537289298,217.7731651194784,636.7261384137735,19.96734854542043,14.244529020345515,17.52861674166917,15,4.803090326530378,20,2.1712870277384924,120.0,6002,25916.52312365274,6204,2703940.0132889296,47.48058187961998
118,AISI 4140 Steel,23,201,2.5,30.0,8.73913043478261,0.12422360248446498,400.49751243781094,0.12437810945273498,57.5,502.5,280.0,13.641852265019601,115.64138852655964,593.1240115225913,215.87948542278727,631.1893893840885,22.015415581408217,16.836193264563992,29.751879885162854,15,9.037749067949042,17,2.4952938436976506,120.0,6002,26604.536959877903,6203,1135090.9494408355,48.012444725171605
119,AISI 1045 Steel,23,201,2.5,30.0,8.73913043478261,0.12422360248446498,400.49751243781094,0.12437810945273498,57.5,502.5,280.0,13.641852265019601,115.64138852655964,593.1240115225913,215.87948542278727,631.1893893840885,22.015415581408217,16.836193264563992,20.44022282186761,15,6.209140581033692,20,2.7914903557974524,120.0,6002,26604.536959877903,6204,2776449.3422385147,48.203941795519825
120,AISI 1020 Steel,23,201,2.5,30.0,8.73913043478261,0.12422360248446498,400.49751243781094,0.12437810945273498,57.5,502.5,280.0,13.641852265019601,115.64138852655964,593.1240115225913,215.87948542278727,631.1893893840885,22.015415581408217,16.836193264563992,15.897951083674808,15,4.829331563026205,20,2.171159165620241,120.0,6002,26604.536959877903,6204,2776449.3422385147,48.32606139245109
121,AISI 4140 Steel,18,158,3.0,36.0,8.777777777777779,0.3174603174603265,398.73417721518985,0.31645569620253866,54.0,474.0,264.0,13.641852265019601,116.152793229828,631.5672344916483,229.87167429278276,672.0998127700942,18.01800851568094,12.55345605665914,36.35251917158094,15,7.656293341426122,17,2.467302417120112,144.0,6002,22036.034823901846,6203,944332.1307184645,51.287942307103435
122,AISI 1045 Steel,18,158,3.0,36.0,8.777777777777779,0.3174603174603265,398.73417721518985,0.31645569620253866,54.0,474.0,264.0,13.641852265019601,116.152793229828,631.5672344916483,229.87167429278276,672.0998127700942,18.01800851568094,12.55345605665914,24.97501317131515,15,5.260048860521763,20,2.760176289306421,144.0,6002,22036.034823901846,6204,2309850.434874458,51.495863938003886
123,AISI 1020 Steel,18,158,3.0,36.0,8.777777777777779,0.3174603174603265,398.73417721518985,0.31645569620253866,54.0,474.0,264.0,13.641852265019601,116.152793229828,631.5672344916483,229.87167429278276,672.0998127700942,18.01800851568094,12.55345605665914,19.425010244356226,15,4.0911491137391485,20,2.1468037805716604,144.0,6002,22036.034823901846,6204,2309850.434874458,51.62637059771855
124,AISI 4140 Steel,20,175,3.0,30.0,8.75,0.0,400.0,0.0,60.0,525.0,292.5,13.641852265019601,115.78522109935386,568.4105110424833,206.88450686350447,604.8898314930848,18.548230087860446,13.506570455338927,35.31334239964428,15,9.276135522716991,17,2.494535300299038,120.0,6002,30227.756960084844,6203,1291280.8475990884,52.34285040004944
125,AISI 4140 Steel,24,210,2.5,30.0,8.75,0.0,400.0,0.0,60.0,525.0,292.5,13.641852265019601,115.78522109935386,568.4105110424833,206.88450686350447,604.8898314930848,20.797091645734582,16.113692729765653,31.494788365484673,15,9.276135522716991,17,2.494535300299038,120.0,6002,30227.756960084844,6203,1291280.8475990884,52.34285040004944
126,AISI 1045 Steel,20,175,3.0,30.0,8.75,0.0,400.0,0.0,60.0,525.0,292.5,13.641852265019601,115.78522109935386,568.4105110424833,206.88450686350447,604.8898314930848,18.548230087860446,13.506570455338927,24.26107493105332,15,6.372917534691063,20,2.790641771737091,120.0,6002,30227.756960084844,6204,3158492.155829273,52.53434747039766
127,AISI 1045 Steel,24,210,2.5,30.0,8.75,0.0,400.0,0.0,60.0,525.0,292.5,13.641852265019601,115.78522109935386,568.4105110424833,206.88450686350447,604.8898314930848,20.797091645734582,16.113692729765653,21.637640861783364,15,6.372917534691063,20,2.790641771737091,120.0,6002,30227.756960084844,6204,3158492.155829273,52.53434747039766
128,AISI 1020 Steel,20,175,3.0,30.0,8.75,0.0,400.0,0.0,60.0,525.0,292.5,13.641852265019601,115.78522109935386,568.4105110424833,206.88450686350447,604.8898314930848,18.548230087860446,13.506570455338927,18.869724946374806,15,4.956713638093049,20,2.1704991557955156,120.0,6002,30227.756960084844,6204,3158492.155829273,52.66749994802925
129,AISI 1020 Steel,24,210,2.5,30.0,8.75,0.0,400.0,0.0,60.0,525.0,292.5,13.641852265019601,115.78522109935386,568.4105110424833,206.88450686350447,604.8898314930848,20.797091645734582,16.113692729765653,16.829276225831503,15,4.956713638093049,20,2.1704991557955156,120.0,6002,30227.756960084844,6204,3158492.155829273,52.66749994802925
130,AISI 4140 Steel,19,166,3.0,36.0,8.736842105263158,0.15037593984962835,400.6024096385542,0.15060240963855165,57.0,498.0,277.5,13.641852265019601,115.61110798491873,598.3268537289298,217.7731651194784,636.7261384137735,16.639457121183693,11.870440850287928,39.36426502557704,15,7.959235911150887,17,2.4830360244227494,144.0,6002,25916.52312365274,6203,1105447.086760328,56.539584566919395
131,AISI 1045 Steel,19,166,3.0,36.0,8.736842105263158,0.15037593984962835,400.6024096385542,0.15060240963855165,57.0,498.0,277.5,13.641852265019601,115.61110798491873,598.3268537289298,217.7731651194784,636.7261384137735,16.639457121183693,11.870440850287928,27.044151544289566,15,5.468177343538777,20,2.7777775081601224,144.0,6002,25916.52312365274,6204,2703940.0132889296,56.747506197819845
132,AISI 1020 Steel,19,166,3.0,36.0,8.736842105263158,0.15037593984962835,400.6024096385542,0.15060240963855165,57.0,498.0,277.5,13.641852265019601,115.61110798491873,598.3268537289298,217.7731651194784,636.7261384137735,16.639457121183693,11.870440850287928,21.034340090002996,15,4.253026822752382,20,2.160493617457873,144.0,6002,25916.52312365274,6204,2703940.0132889296,56.89139283781429
133,AISI 4140 Steel,20,175,3.0,36.0,8.75,0.0,400.0,0.0,60.0,525.0,292.5,13.641852265019601,115.78522109935386,568.4105110424833,206.88450686350447,604.8898314930848,15.456858406550374,11.255475379449106,42.37601087957313,15,8.248472501309193,17,2.483343999994306,144.0,6002,30227.756960084844,6203,1291280.8475990884,62.748068455663386
134,AISI 1045 Steel,20,175,3.0,36.0,8.75,0.0,400.0,0.0,60.0,525.0,292.5,13.641852265019601,115.78522109935386,568.4105110424833,206.88450686350447,604.8898314930848,15.456858406550374,11.255475379449106,29.11328991726398,15,5.666889504716239,20,2.778122041065533,144.0,6002,30227.756960084844,6204,3158492.155829273,62.95599008656384
135,AISI 1020 Steel,20,175,3.0,36.0,8.75,0.0,400.0,0.0,60.0,525.0,292.5,13.641852265019601,115.78522109935386,568.4105110424833,206.88450686350447,604.8898314930848,15.456858406550374,11.255475379449106,22.64366993564976,15,4.407580725890408,20,2.1607615874954145,144.0,6002,30227.756960084844,6204,3158492.155829273,63.1156945199054
